date,tavg,tmin,tmax,prcp,snow,wdir,wspd,wpgt,pres,tsun
2023-01-01 00:00:00,15.1,12.0,18.7,0.0,,,13.2,,1017.0,
2023-01-02 00:00:00,10.3,7.6,14.1,0.0,,,8.1,,1019.4,
2023-01-03 00:00:00,7.2,4.1,11.5,0.0,,,17.6,,1024.0,
2023-01-04 00:00:00,2.7,-3.0,6.7,,,,10.4,,1021.0,
2023-01-05 00:00:00,7.1,2.7,9.0,8.1,,,24.9,,1005.5,
2023-01-06 00:00:00,0.7,-0.1,5.4,2.5,,,13.5,,1020.5,
2023-01-07 00:00:00,3.9,-0.1,7.1,3.3,,,6.0,,1020.2,
2023-01-08 00:00:00,3.1,2.2,5.1,0.0,,,16.5,,1014.8,
2023-01-09 00:00:00,4.7,2.7,7.0,,,,12.5,,1004.8,
2023-01-10 00:00:00,5.1,2.1,7.1,2.3,,,12.5,,1013.8,
2023-01-11 00:00:00,2.9,1.8,4.0,0.0,,,10.6,,1018.8,
2023-01-12 00:00:00,6.0,3.2,8.6,0.0,,,9.9,,1015.0,
2023-01-13 00:00:00,7.2,5.6,8.7,0.0,,,11.1,,1011.1,
2023-01-14 00:00:00,5.6,4.0,8.5,0.5,,,8.4,,1015.5,
2023-01-15 00:00:00,5.2,4.0,7.6,0.0,,,13.8,,1005.4,
2023-01-16 00:00:00,3.2,1.5,5.8,4.8,,,12.5,,1001.6,
2023-01-17 00:00:00,2.6,-1.2,5.0,2.8,,,9.6,,991.7,
2023-01-18 00:00:00,1.4,-0.5,2.5,3.8,,,13.4,,993.5,
2023-01-19 00:00:00,1.8,0.5,2.6,2.5,,,7.7,,1005.9,
2023-01-20 00:00:00,1.1,0.2,2.4,3.0,5.0,,13.2,,1014.8,
2023-01-21 00:00:00,0.9,0.1,2.0,5.1,12.0,,21.4,,1018.0,
2023-01-22 00:00:00,1.3,1.0,1.6,6.6,4.0,,14.8,,1029.8,
2023-01-23 00:00:00,1.3,0.7,2.0,0.0,2.0,,10.6,,1037.2,
2023-01-24 00:00:00,2.3,1.5,3.1,0.0,,,6.9,,1039.4,
2023-01-25 00:00:00,-0.7,-1.6,2.2,0.0,,,9.0,,1033.4,
2023-01-26 00:00:00,-0.1,-0.5,0.6,0.0,,,6.4,,1022.8,
2023-01-27 00:00:00,0.2,-1.0,1.6,0.0,,,8.0,,1022.4,
2023-01-28 00:00:00,-0.1,-1.0,0.5,0.0,1.0,,11.0,,1025.1,
2023-01-29 00:00:00,-0.6,-1.5,0.2,0.0,1.0,,14.2,,1021.9,
2023-01-30 00:00:00,1.0,-0.7,2.7,,,,15.3,,1005.0,
2023-01-31 00:00:00,2.6,1.7,4.3,1.5,1.0,,20.1,,1008.2,
2023-02-01 00:00:00,3.4,2.0,4.7,1.0,,,22.1,,1004.1,
2023-02-02 00:00:00,2.2,0.7,3.5,2.8,1.0,,17.5,,1007.7,
2023-02-03 00:00:00,-0.4,,1.9,1.3,,,,,,
2023-02-04 00:00:00,-1.9,-5.0,-0.4,4.1,5.0,,21.7,,1024.5,
2023-02-05 00:00:00,-4.0,-7.0,-2.2,0.0,3.0,,12.6,,1037.1,
2023-02-06 00:00:00,-5.6,-8.0,-1.4,59.9,2.0,,7.2,,1040.2,
2023-02-07 00:00:00,-1.6,-6.9,0.2,0.0,5.0,,12.8,,1041.0,
2023-02-08 00:00:00,-1.5,-5.2,2.0,0.0,5.0,,6.0,,1045.4,
2023-02-09 00:00:00,-3.1,-8.7,3.1,0.0,4.0,,7.8,,1037.9,
2023-02-10 00:00:00,0.3,-1.5,2.0,0.0,,,14.0,,1031.7,
2023-02-11 00:00:00,2.8,1.5,4.7,,,,17.8,,1023.9,
2023-02-12 00:00:00,1.7,0.0,4.8,0.3,,,12.6,,1034.7,
2023-02-13 00:00:00,4.9,0.0,6.1,0.0,,,18.3,,1032.8,
2023-02-14 00:00:00,3.6,2.6,5.3,0.0,,,18.9,,1033.7,
2023-02-15 00:00:00,2.2,0.0,4.0,0.0,,,7.2,,1031.8,
2023-02-16 00:00:00,1.9,-4.4,7.4,0.0,,,8.9,,1022.3,
2023-02-17 00:00:00,5.9,3.5,9.7,,,,12.3,,1013.6,
2023-02-18 00:00:00,5.5,3.0,9.9,6.9,,,28.8,,1007.5,
2023-02-19 00:00:00,2.7,0.7,5.9,1.0,,,18.9,,1012.4,
2023-02-20 00:00:00,4.2,0.6,8.1,0.0,,,23.8,,1010.1,
2023-02-21 00:00:00,6.4,4.7,8.7,7.1,,,28.4,,1006.6,
2023-02-22 00:00:00,1.6,-0.4,6.5,0.0,,,12.3,,1019.0,
2023-02-23 00:00:00,1.4,-3.3,5.3,0.0,,,13.8,,1017.9,
2023-02-24 00:00:00,4.6,1.6,7.5,0.3,,,7.7,,1002.5,
2023-02-25 00:00:00,2.7,1.6,4.3,4.3,,,12.5,,993.6,
2023-02-26 00:00:00,0.4,-1.0,2.6,2.3,1.0,,16.8,,1012.1,
2023-02-27 00:00:00,-0.2,-2.7,1.2,0.0,,,12.2,,1026.8,
2023-02-28 00:00:00,-1.7,-6.6,3.0,0.0,,,4.4,,1031.9,
2023-03-01 00:00:00,0.9,-4.5,6.6,0.0,,,9.3,,1027.9,
2023-03-02 00:00:00,0.5,-2.7,3.2,0.0,,,6.0,,1024.3,
2023-03-03 00:00:00,-1.5,-3.0,0.0,,,,15.4,,1018.4,
2023-03-04 00:00:00,0.8,-2.5,3.5,0.0,,,23.2,,1010.5,
2023-03-05 00:00:00,-2.4,-4.4,0.3,0.3,1.0,,12.2,,1008.7,
2023-03-06 00:00:00,-2.3,-8.4,0.5,0.0,1.0,,6.9,,1004.7,
2023-03-07 00:00:00,1.1,-4.7,5.2,1.8,,,10.5,,999.8,
2023-03-08 00:00:00,1.3,-0.2,5.1,1.0,1.0,,12.9,,999.1,
2023-03-09 00:00:00,-0.1,-0.7,1.4,2.0,3.0,,15.3,,999.2,
2023-03-10 00:00:00,4.8,-1.0,12.7,2.0,3.0,,11.3,,994.7,
2023-03-11 00:00:00,3.3,-0.7,9.0,0.5,,,20.0,,993.8,
2023-03-12 00:00:00,1.3,-1.1,4.6,0.3,1.0,,19.5,,1009.3,
2023-03-13 00:00:00,6.6,0.2,11.6,0.0,,,11.1,,1006.4,
2023-03-14 00:00:00,10.2,7.0,15.1,1.0,,,11.7,,997.2,
2023-03-15 00:00:00,3.7,0.7,10.6,0.3,,,18.8,,1010.5,
2023-03-16 00:00:00,1.4,-3.8,6.1,0.0,,,9.9,,1021.9,
2023-03-17 00:00:00,3.2,-3.7,8.7,0.0,,,11.6,,1024.6,
2023-03-18 00:00:00,7.4,2.2,12.5,0.0,,,16.0,,1020.0,
2023-03-19 00:00:00,8.7,2.7,15.3,0.0,,,7.2,,1017.6,
2023-03-20 00:00:00,8.7,2.0,14.6,0.0,,,9.4,,1015.3,
2023-03-21 00:00:00,7.0,1.7,9.9,0.3,,,9.8,,1015.8,
2023-03-22 00:00:00,7.0,-1.7,13.0,0.5,,,8.5,,1013.6,
2023-03-23 00:00:00,12.6,5.7,20.0,0.0,,,9.9,,1008.3,
2023-03-24 00:00:00,12.8,5.5,19.1,0.0,,,7.6,,1005.8,
2023-03-25 00:00:00,9.4,5.2,14.6,2.3,,,9.6,,1004.0,
2023-03-26 00:00:00,7.6,5.0,11.0,1.8,,,13.0,,1002.4,
2023-03-27 00:00:00,3.1,-1.0,7.7,1.0,,,17.5,,1005.1,
2023-03-28 00:00:00,-1.3,-5.6,2.3,0.0,,,17.1,,1015.0,
2023-03-29 00:00:00,2.2,-3.7,8.2,0.5,1.0,,12.4,,1020.4,
2023-03-30 00:00:00,7.8,2.5,13.1,0.0,,,9.0,,1011.8,
2023-03-31 00:00:00,10.9,9.0,16.0,1.5,,,11.1,,1002.3,
2023-04-01 00:00:00,8.9,7.0,11.0,1.3,,,11.5,,998.8,
2023-04-02 00:00:00,4.4,1.9,8.3,0.5,,,17.8,,1013.1,
2023-04-03 00:00:00,2.6,-1.4,5.5,5.1,,,24.6,,1024.6,
2023-04-04 00:00:00,0.7,-3.0,3.6,0.0,,,14.8,,1024.3,
2023-04-05 00:00:00,-0.0,-4.5,2.7,0.0,1.0,,6.1,,1023.0,
2023-04-06 00:00:00,2.1,0.2,3.2,,,,18.0,,1020.3,
2023-04-07 00:00:00,7.3,3.2,11.1,7.9,,,16.8,,1016.5,
2023-04-08 00:00:00,8.7,1.7,14.3,0.8,,,11.6,,1023.8,
2023-04-09 00:00:00,10.7,5.7,14.8,0.5,,,6.6,,1024.1,
2023-04-10 00:00:00,11.3,6.0,18.1,0.0,,,7.5,,1023.5,
2023-04-11 00:00:00,10.7,5.1,15.7,,,,12.4,,1013.8,
2023-04-12 00:00:00,8.9,7.0,13.5,0.0,,,8.5,,1008.8,
2023-04-13 00:00:00,10.9,1.6,17.0,0.0,,,6.3,,1006.4,
2023-04-14 00:00:00,11.9,6.6,17.0,0.0,,,20.1,,1008.3,
2023-04-15 00:00:00,9.7,8.6,11.2,0.5,,,20.6,,1010.0,
2023-04-16 00:00:00,9.8,7.5,14.2,2.3,,,13.0,,1017.7,
2023-04-17 00:00:00,10.5,7.0,14.2,0.0,,,14.6,,1022.3,
2023-04-18 00:00:00,12.1,8.0,16.6,0.3,,,16.7,,1024.0,
2023-04-19 00:00:00,9.7,6.6,13.9,15.7,,,11.6,,1018.7,
2023-04-20 00:00:00,14.7,8.2,19.8,1.0,,,15.0,,1019.9,
2023-04-21 00:00:00,13.7,7.7,18.5,0.0,,,13.8,,1018.9,
2023-04-22 00:00:00,13.7,5.2,20.2,0.0,,,4.7,,1015.3,
2023-04-23 00:00:00,15.4,7.1,21.7,0.0,,,10.8,,1011.7,
2023-04-24 00:00:00,15.6,9.0,22.2,0.0,,,8.7,,1005.6,
2023-04-25 00:00:00,9.4,7.3,17.4,0.5,,,13.8,,1005.3,
2023-04-26 00:00:00,6.6,4.7,10.2,9.7,,,18.6,,1011.6,
2023-04-27 00:00:00,5.8,-0.2,10.3,0.0,,,11.0,,1018.8,
2023-04-28 00:00:00,7.8,-0.2,13.9,0.0,,,6.4,,1020.4,
2023-04-29 00:00:00,12.3,5.1,18.5,0.0,,,13.2,,1014.8,
2023-04-30 00:00:00,11.2,7.4,15.1,0.5,,,17.1,,1017.8,
2023-05-01 00:00:00,10.7,4.0,17.4,0.0,,,9.8,,1020.9,
2023-05-02 00:00:00,13.5,7.1,19.3,,,,12.2,,1017.5,
2023-05-03 00:00:00,10.7,7.5,15.4,1.0,,,13.1,,1025.5,
2023-05-04 00:00:00,10.9,1.9,17.0,0.0,,,4.9,,1025.4,
2023-05-05 00:00:00,12.2,6.9,17.1,0.0,,,12.8,,1023.5,
2023-05-06 00:00:00,8.1,5.7,11.4,0.0,,,19.7,,1023.1,
2023-05-07 00:00:00,7.6,5.0,11.2,9.9,,,17.6,,1025.9,
2023-05-08 00:00:00,8.9,2.4,15.2,0.0,,,8.9,,1030.8,
2023-05-09 00:00:00,11.2,2.7,17.1,0.0,,,12.9,,1027.5,
2023-05-10 00:00:00,12.3,4.9,17.7,0.0,,,19.7,,1021.8,
2023-05-11 00:00:00,13.9,6.0,19.0,0.0,,,17.7,,1021.9,
2023-05-12 00:00:00,14.6,6.9,20.3,0.0,,,19.7,,1023.8,
2023-05-13 00:00:00,16.1,8.8,22.4,0.0,,,10.4,,1024.1,
2023-05-14 00:00:00,17.1,7.5,23.0,0.0,,,13.8,,1020.4,
2023-05-15 00:00:00,13.7,12.2,19.0,0.0,,,16.4,,1010.0,
2023-05-16 00:00:00,14.3,10.4,17.7,,,,9.4,,1011.6,
2023-05-17 00:00:00,12.2,10.5,16.0,6.1,,,13.6,,1017.2,
2023-05-18 00:00:00,10.8,5.6,14.0,5.1,,,13.5,,1025.9,
2023-05-19 00:00:00,12.0,10.1,13.8,0.5,,,10.8,,1027.5,
2023-05-20 00:00:00,18.7,12.3,24.3,0.5,,,11.6,,1026.0,
2023-05-21 00:00:00,18.2,12.4,23.5,0.0,,,12.9,,1022.9,
2023-05-22 00:00:00,17.2,11.6,22.2,0.0,,,9.0,,1019.4,
2023-05-23 00:00:00,18.3,10.6,23.5,0.0,,,10.8,,1014.1,
2023-05-24 00:00:00,18.9,14.5,25.6,0.0,,,10.4,,1014.9,
2023-05-25 00:00:00,16.8,12.3,23.5,0.0,,,12.8,,1020.5,
2023-05-26 00:00:00,17.7,13.5,21.5,0.0,,,15.2,,1021.7,
2023-05-27 00:00:00,13.4,6.9,18.3,0.0,,,14.2,,1025.5,
2023-05-28 00:00:00,14.3,8.7,20.0,0.0,,,8.2,,1022.2,
2023-05-29 00:00:00,17.3,8.1,23.3,0.0,,,6.6,,1018.9,
2023-05-30 00:00:00,17.7,12.6,21.3,0.0,,,14.6,,1020.5,
2023-05-31 00:00:00,16.1,9.2,22.4,0.0,,,10.0,,1022.3,
2023-06-01 00:00:00,18.2,6.7,26.4,0.0,,,12.3,,1014.1,
2023-06-02 00:00:00,13.1,9.8,22.7,0.0,,,16.5,,1015.6,
2023-06-03 00:00:00,12.3,4.5,18.2,0.0,,,8.7,,1023.8,
2023-06-04 00:00:00,15.4,6.5,21.9,0.0,,,6.8,,1023.0,
2023-06-05 00:00:00,17.4,7.8,24.5,0.0,,,6.5,,1022.4,
2023-06-06 00:00:00,20.5,10.8,26.6,0.0,,,8.0,,1019.8,
2023-06-07 00:00:00,21.3,16.0,27.6,1.0,,,8.1,,1017.6,
2023-06-08 00:00:00,19.4,13.3,27.0,0.0,,,10.8,,1017.3,
2023-06-09 00:00:00,21.8,13.7,28.2,0.0,,,10.0,,1015.4,
2023-06-10 00:00:00,21.3,17.2,26.1,0.0,,,17.1,,1017.2,
2023-06-11 00:00:00,18.7,14.0,23.9,0.0,,,16.8,,1021.6,
2023-06-12 00:00:00,16.6,11.5,22.0,0.0,,,14.0,,1021.8,
2023-06-13 00:00:00,12.2,8.6,16.4,0.5,,,11.9,,1019.0,
2023-06-14 00:00:00,15.8,11.8,20.1,5.1,,,9.9,,1017.5,
2023-06-15 00:00:00,17.3,13.3,22.5,2.5,,,6.2,,1016.3,
2023-06-16 00:00:00,18.7,10.5,24.8,0.0,,,5.7,,1014.4,
2023-06-17 00:00:00,19.4,14.3,24.5,2.3,,,8.2,,1011.6,
2023-06-18 00:00:00,17.5,14.6,21.5,0.0,,,6.4,,1014.0,
2023-06-19 00:00:00,19.7,11.0,27.1,15.0,,,4.7,,1015.8,
2023-06-20 00:00:00,23.0,15.0,29.0,0.0,,,5.2,,1016.3,
2023-06-21 00:00:00,22.4,17.7,28.8,4.1,,,8.7,,1016.4,
2023-06-22 00:00:00,23.1,18.6,28.4,0.0,,,10.6,,1017.4,
2023-06-23 00:00:00,21.2,16.6,25.4,2.0,,,10.9,,1014.7,
2023-06-24 00:00:00,19.7,16.3,23.4,0.0,,,11.6,,1018.7,
2023-06-25 00:00:00,20.1,14.0,25.8,0.0,,,8.2,,1017.7,
2023-06-26 00:00:00,21.6,12.3,28.6,0.0,,,7.5,,1013.6,
2023-06-27 00:00:00,18.5,15.2,26.0,6.1,,,17.1,,1009.6,
2023-06-28 00:00:00,15.8,11.7,20.8,1.0,,,15.9,,1010.9,
2023-06-29 00:00:00,19.1,13.0,26.6,0.0,,,14.5,,1012.4,
2023-06-30 00:00:00,21.4,13.0,27.9,0.8,,,8.0,,1009.8,
2023-07-01 00:00:00,20.1,17.5,25.0,2.3,,,8.7,,1006.6,
2023-07-02 00:00:00,19.6,16.3,24.4,0.0,,,11.5,,1004.6,
2023-07-03 00:00:00,19.8,13.4,26.2,0.0,,,7.8,,1010.1,
2023-07-04 00:00:00,21.4,12.9,28.4,0.0,,,7.6,,1012.8,
2023-07-05 00:00:00,22.7,15.4,30.2,0.0,,,10.0,,1014.5,
2023-07-06 00:00:00,20.2,,25.8,0.3,,,,,,
2023-07-07 00:00:00,20.4,12.2,27.1,0.0,,,8.2,,1021.5,
2023-07-08 00:00:00,22.5,11.9,29.4,0.0,,,7.9,,1021.0,
2023-07-09 00:00:00,22.6,17.3,27.4,0.0,,,13.6,,1020.4,
2023-07-10 00:00:00,22.8,13.8,29.5,0.0,,,9.5,,1018.5,
2023-07-11 00:00:00,20.6,16.0,25.6,2.8,,,9.8,,1015.9,
2023-07-12 00:00:00,22.2,14.9,30.3,0.0,,,7.8,,1011.5,
2023-07-13 00:00:00,19.3,15.8,27.3,0.8,,,5.7,,1013.0,
2023-07-14 00:00:00,20.2,13.5,26.2,7.1,,,11.0,,1016.7,
2023-07-15 00:00:00,23.8,14.3,31.2,0.0,,,8.6,,1015.6,
2023-07-16 00:00:00,26.3,19.4,33.5,0.0,,,11.4,,1013.6,
2023-07-17 00:00:00,23.1,17.0,30.4,4.1,,,6.5,,1015.7,
2023-07-18 00:00:00,19.9,15.1,25.1,0.8,,,14.7,,1017.0,
2023-07-19 00:00:00,20.7,11.9,27.4,0.0,,,8.5,,1011.6,
2023-07-20 00:00:00,16.3,13.6,23.8,0.3,,,8.7,,1010.1,
2023-07-21 00:00:00,18.3,10.0,25.6,1.5,,,6.2,,1012.0,
2023-07-22 00:00:00,19.3,16.1,24.6,0.3,,,13.2,,1011.4,
2023-07-23 00:00:00,20.1,10.1,27.5,0.0,,,6.8,,1012.3,
2023-07-24 00:00:00,24.4,20.0,30.0,,,,7.2,,1005.7,
2023-07-25 00:00:00,21.8,17.9,27.3,0.0,,,14.1,,1001.2,
2023-07-26 00:00:00,16.1,13.6,21.4,0.0,,,13.2,,1006.0,
2023-07-27 00:00:00,17.1,12.5,22.5,14.2,,,10.5,,1010.3,
2023-07-28 00:00:00,17.2,14.3,21.4,0.0,,,7.4,,1006.3,
2023-07-29 00:00:00,20.5,15.0,27.4,7.6,,,6.8,,1008.8,
2023-07-30 00:00:00,20.7,17.4,25.7,7.6,,,9.0,,1008.8,
2023-07-31 00:00:00,19.6,16.8,24.1,0.0,,,9.6,,1010.2,
2023-08-01 00:00:00,19.7,17.0,23.5,0.0,,,9.9,,1003.8,
2023-08-02 00:00:00,19.8,14.8,25.0,1.3,,,8.0,,1003.6,
2023-08-03 00:00:00,20.1,18.2,23.0,0.0,,,10.0,,1003.0,
2023-08-04 00:00:00,21.2,15.1,27.0,0.5,,,6.8,,1010.7,
2023-08-05 00:00:00,19.4,16.5,23.0,0.0,,,10.3,,1011.0,
2023-08-06 00:00:00,22.2,16.9,30.3,10.2,,,13.5,,998.7,
2023-08-07 00:00:00,16.2,13.5,20.8,0.0,,,17.3,,1002.2,
2023-08-08 00:00:00,16.3,13.4,20.5,0.0,,,12.3,,1010.8,
2023-08-09 00:00:00,15.2,12.5,20.9,0.0,,,7.3,,1015.0,
2023-08-10 00:00:00,16.6,9.3,23.6,4.3,,,4.6,,1020.6,
2023-08-11 00:00:00,18.1,9.4,24.8,0.0,,,6.7,,1022.0,
2023-08-12 00:00:00,19.6,12.2,26.8,0.0,,,4.4,,1021.3,
2023-08-13 00:00:00,22.4,14.7,30.4,0.0,,,8.4,,1017.4,
2023-08-14 00:00:00,24.5,16.8,30.7,0.0,,,6.4,,1019.4,
2023-08-15 00:00:00,26.6,20.1,34.3,0.0,,,8.4,,1019.1,
2023-08-16 00:00:00,26.4,17.9,33.4,0.0,,,7.5,,1019.0,
2023-08-17 00:00:00,27.1,22.9,33.1,0.0,,,8.4,,1019.3,
2023-08-18 00:00:00,24.3,18.9,31.2,18.8,,,12.4,,1019.3,
2023-08-19 00:00:00,23.7,19.5,30.3,0.0,,,6.4,,1018.9,
2023-08-20 00:00:00,25.1,19.5,31.1,7.9,,,7.5,,1019.1,
2023-08-21 00:00:00,23.0,19.7,28.3,0.0,,,10.8,,1020.1,
2023-08-22 00:00:00,20.8,15.8,25.7,0.0,,,7.7,,1019.8,
2023-08-23 00:00:00,20.1,15.8,25.4,5.6,,,6.6,,1018.3,
2023-08-24 00:00:00,20.4,14.5,26.5,0.0,,,6.4,,1017.3,
2023-08-25 00:00:00,20.0,14.6,24.4,2.0,,,8.7,,1012.5,
2023-08-26 00:00:00,23.4,18.9,29.0,3.8,,,6.4,,1010.5,
2023-08-27 00:00:00,22.9,19.1,27.7,0.3,,,6.7,,1008.9,
2023-08-28 00:00:00,19.8,17.3,24.0,1.5,,,9.5,,1009.6,
2023-08-29 00:00:00,21.1,18.9,25.2,2.8,,,11.7,,1005.3,
2023-08-30 00:00:00,17.4,16.6,21.9,2.0,,,8.6,,1005.0,
2023-08-31 00:00:00,16.2,13.4,22.5,29.0,,,9.2,,1009.2,
2023-09-01 00:00:00,15.8,10.6,21.8,1.0,,,7.5,,1015.3,
2023-09-02 00:00:00,17.1,11.8,23.1,0.0,,,6.9,,1019.3,
2023-09-03 00:00:00,17.2,11.3,22.5,0.3,,,8.2,,1022.7,
2023-09-04 00:00:00,16.3,12.3,21.7,0.0,,,8.0,,1027.0,
2023-09-05 00:00:00,16.9,8.8,24.5,0.0,,,3.9,,1026.9,
2023-09-06 00:00:00,18.4,11.0,26.3,0.0,,,4.7,,1024.9,
2023-09-07 00:00:00,20.1,13.8,27.0,0.0,,,4.8,,1026.3,
2023-09-08 00:00:00,20.5,15.0,26.3,0.0,,,5.9,,1024.1,
2023-09-09 00:00:00,20.3,13.0,27.4,0.0,,,4.2,,1021.5,
2023-09-10 00:00:00,21.3,14.9,27.6,0.0,,,8.5,,1019.6,
2023-09-11 00:00:00,21.4,14.8,28.4,0.0,,,5.4,,1015.1,
2023-09-12 00:00:00,21.7,14.0,29.4,0.0,,,4.5,,1013.4,
2023-09-13 00:00:00,22.0,14.6,30.4,0.0,,,5.8,,1012.5,
2023-09-14 00:00:00,18.2,15.6,24.4,1.5,,,14.8,,1017.1,
2023-09-15 00:00:00,15.6,10.1,21.0,0.0,,,10.0,,1024.4,
2023-09-16 00:00:00,16.5,9.0,23.3,0.0,,,14.1,,1023.6,
2023-09-17 00:00:00,18.7,11.9,26.2,0.3,,,7.5,,1019.3,
2023-09-18 00:00:00,20.5,14.2,28.0,0.0,,,7.6,,1015.2,
2023-09-19 00:00:00,17.7,13.0,21.8,,,,7.9,,1009.8,
2023-09-20 00:00:00,16.6,8.5,23.3,5.1,,,6.4,,1014.3,
2023-09-21 00:00:00,19.1,12.3,26.6,0.0,,,11.6,,1011.7,
2023-09-22 00:00:00,20.6,16.3,25.8,0.0,,,11.4,,1006.5,
2023-09-23 00:00:00,16.4,14.9,22.2,0.0,,,8.7,,1012.0,
2023-09-24 00:00:00,15.4,11.8,20.3,1.8,,,8.6,,1024.1,
2023-09-25 00:00:00,17.4,12.3,22.5,0.0,,,13.8,,1029.4,
2023-09-26 00:00:00,17.0,13.7,22.4,0.0,,,7.6,,1027.0,
2023-09-27 00:00:00,19.7,14.3,26.7,0.0,,,8.6,,1024.8,
2023-09-28 00:00:00,18.3,10.3,26.5,0.0,,,7.8,,1022.4,
2023-09-29 00:00:00,18.4,12.0,26.8,0.0,,,7.2,,1020.8,
2023-09-30 00:00:00,15.4,12.0,19.6,0.0,,,10.0,,1019.6,
2023-10-01 00:00:00,12.9,8.9,17.4,0.0,,,9.0,,1023.1,
2023-10-02 00:00:00,15.0,6.8,21.9,0.0,,,4.4,,1022.9,
2023-10-03 00:00:00,19.1,13.1,25.8,0.0,,,9.3,,1015.3,
2023-10-04 00:00:00,13.4,,21.7,3.8,,,,,,
2023-10-05 00:00:00,12.4,9.6,16.3,0.0,,,12.0,,1020.5,
2023-10-06 00:00:00,12.6,9.5,16.3,0.5,,,10.4,,1022.2,
2023-10-07 00:00:00,14.2,10.3,17.4,1.3,,,19.0,,1011.0,
2023-10-08 00:00:00,8.8,4.5,12.4,1.8,,,20.8,,1018.0,
2023-10-09 00:00:00,4.8,0.6,9.6,0.0,,,5.4,,1021.3,
2023-10-10 00:00:00,6.9,0.8,13.1,0.0,,,5.9,,1021.4,
2023-10-11 00:00:00,14.6,7.1,21.6,0.0,,,8.7,,1014.9,
2023-10-12 00:00:00,16.3,10.4,19.1,,,,12.7,,1011.5,
2023-10-13 00:00:00,12.2,4.9,18.5,0.0,,,5.9,,1015.2,
2023-10-14 00:00:00,16.6,12.1,22.6,0.0,,,10.5,,1005.9,
2023-10-15 00:00:00,7.8,6.3,13.2,2.3,,,13.4,,1011.6,
2023-10-16 00:00:00,7.2,5.9,9.5,0.0,,,17.1,,1016.0,
2023-10-17 00:00:00,5.4,2.0,11.4,0.0,,,9.1,,1021.5,
2023-10-18 00:00:00,5.0,-1.2,12.0,0.0,,,7.4,,1016.9,
2023-10-19 00:00:00,5.8,-1.6,10.3,0.0,,,11.0,,1006.8,
2023-10-20 00:00:00,7.1,5.9,8.2,1.0,,,17.1,,997.6,
2023-10-21 00:00:00,10.7,7.9,16.6,6.1,,,10.6,,1001.1,
2023-10-22 00:00:00,11.2,9.8,12.2,7.6,,,12.3,,1006.2,
2023-10-23 00:00:00,11.7,8.5,13.7,5.3,,,9.2,,1014.7,
2023-10-24 00:00:00,10.4,5.9,15.3,0.0,,,10.4,,1012.1,
2023-10-25 00:00:00,10.6,9.8,11.4,3.8,,,13.2,,999.5,
2023-10-26 00:00:00,10.2,7.7,11.8,8.4,,,6.3,,996.4,
2023-10-27 00:00:00,10.4,8.5,12.0,11.2,,,7.2,,994.4,
2023-10-28 00:00:00,7.4,5.7,9.7,0.0,,,8.3,,1001.4,
2023-10-29 00:00:00,11.5,7.7,16.9,0.3,,,7.5,,1007.2,
2023-10-30 00:00:00,12.5,7.6,17.7,0.0,,,7.6,,1007.1,
2023-10-31 00:00:00,13.5,9.6,17.5,0.0,,,11.9,,1000.5,
2023-11-01 00:00:00,8.9,5.7,12.8,0.5,,,12.2,,1008.5,
2023-11-02 00:00:00,9.1,4.9,14.3,0.0,,,13.4,,1003.1,
2023-11-03 00:00:00,12.0,10.7,13.6,1.0,,,19.2,,991.0,
2023-11-04 00:00:00,8.2,4.2,12.7,1.0,,,9.9,,994.5,
2023-11-05 00:00:00,6.6,3.4,9.4,4.1,,,8.2,,988.9,
2023-11-06 00:00:00,10.6,9.0,12.9,,,,13.6,,999.9,
2023-11-07 00:00:00,9.2,5.0,12.6,0.3,,,7.0,,1012.6,
2023-11-08 00:00:00,7.5,4.0,10.3,0.0,,,6.8,,1013.2,
2023-11-09 00:00:00,7.0,2.7,11.4,0.0,,,8.2,,1012.9,
2023-11-10 00:00:00,8.0,5.5,11.7,0.0,,,9.0,,1006.5,
2023-11-11 00:00:00,7.1,6.0,8.4,2.3,,,6.1,,1002.3,
2023-11-12 00:00:00,5.8,3.9,7.2,0.3,,,13.4,,1005.6,
2023-11-13 00:00:00,4.9,1.7,8.6,0.0,,,8.7,,1009.8,
2023-11-14 00:00:00,8.4,1.3,12.4,6.1,,,12.2,,1000.1,
2023-11-15 00:00:00,7.9,3.0,10.6,4.3,,,17.2,,1003.9,
2023-11-16 00:00:00,2.1,0.4,4.7,2.0,,,9.3,,1015.5,
2023-11-17 00:00:00,2.4,0.4,4.1,0.3,,,13.2,,1013.3,
2023-11-18 00:00:00,-0.1,-0.7,0.3,2.5,6.0,,11.2,,1022.1,
2023-11-19 00:00:00,0.1,-0.4,0.6,0.5,9.0,,12.5,,1015.5,
2023-11-20 00:00:00,1.3,0.3,2.5,1.5,8.0,,12.0,,1007.5,
2023-11-21 00:00:00,-1.1,-2.0,0.9,3.3,4.0,,14.4,,1014.7,
2023-11-22 00:00:00,-2.9,-5.9,0.1,1.0,1.0,,9.8,,1027.0,
2023-11-23 00:00:00,2.4,-3.3,7.6,,,,16.0,,1007.1,
2023-11-24 00:00:00,3.3,0.3,7.4,13.0,,,20.0,,991.7,
2023-11-25 00:00:00,0.4,-0.3,1.7,1.8,2.0,,14.7,,996.8,
2023-11-26 00:00:00,-0.9,-1.7,0.3,0.8,2.0,,19.0,,1006.0,
2023-11-27 00:00:00,-1.1,-1.7,-0.7,0.3,1.0,,12.9,,1006.5,
2023-11-28 00:00:00,-2.0,-4.1,-0.7,0.0,1.0,,11.0,,1000.7,
2023-11-29 00:00:00,-3.9,-6.1,-1.7,0.0,1.0,,10.8,,1006.8,
2023-11-30 00:00:00,-2.6,-6.7,1.2,0.0,1.0,,5.7,,1005.6,
2023-12-01 00:00:00,-4.8,-6.1,-0.8,0.0,2.0,,5.6,,1006.1,
2023-12-02 00:00:00,-3.5,-5.1,-2.4,0.0,2.0,,8.9,,1007.7,
2023-12-03 00:00:00,-2.1,-3.1,-0.3,4.1,10.0,,13.5,,1015.8,
2023-12-04 00:00:00,-3.3,-8.0,-0.9,0.8,5.0,,9.8,,1022.0,
2023-12-05 00:00:00,-5.6,-8.0,-2.6,0.0,9.0,,13.8,,1018.6,
2023-12-06 00:00:00,-3.3,-5.0,-1.7,,,,16.5,,1019.4,
2023-12-07 00:00:00,-1.0,-2.0,-0.1,0.5,9.0,,13.8,,1021.9,
2023-12-08 00:00:00,-3.0,-4.0,-1.3,0.5,6.0,,14.6,,1022.2,
2023-12-09 00:00:00,-2.0,-3.9,-0.4,,,,9.8,,1017.3,
2023-12-10 00:00:00,-0.4,-1.8,1.3,,,,11.6,,1010.4,
2023-12-11 00:00:00,3.6,0.1,5.0,0.5,5.0,,9.5,,1002.8,
2023-12-12 00:00:00,4.3,2.9,5.6,3.6,3.0,,6.3,,1005.4,
2023-12-13 00:00:00,3.3,2.6,4.0,1.5,,,10.5,,1005.5,
2023-12-14 00:00:00,1.9,0.4,3.0,2.3,,,11.2,,1011.6,
2023-12-15 00:00:00,1.2,-0.8,2.8,,,,12.8,,1027.8,
2023-12-16 00:00:00,4.8,2.7,6.6,0.3,,,14.7,,1032.6,
2023-12-17 00:00:00,6.9,5.6,7.7,0.3,,,18.9,,1028.5,
2023-12-18 00:00:00,6.3,5.8,7.8,0.3,,,17.4,,1024.9,
2023-12-19 00:00:00,6.5,5.8,8.2,1.0,,,11.2,,1015.8,
2023-12-20 00:00:00,5.3,2.8,6.0,9.1,,,11.4,,1005.5,
2023-12-21 00:00:00,4.5,3.2,6.8,,,,11.8,,991.3,
2023-12-22 00:00:00,2.7,-0.5,6.9,10.2,,,23.2,,980.8,
2023-12-23 00:00:00,0.5,-0.3,2.9,3.8,1.0,,24.3,,990.7,
2023-12-24 00:00:00,1.5,-0.8,8.1,,,,11.4,,1000.1,
2023-12-25 00:00:00,8.2,1.1,10.4,5.6,,,22.0,,997.0,
2023-12-26 00:00:00,7.4,4.8,10.2,2.8,,,17.7,,1004.5,
2023-12-27 00:00:00,3.4,-2.2,7.9,6.1,,,18.0,,1018.0,
2023-12-28 00:00:00,3.9,-2.5,8.0,0.0,,,8.0,,1015.6,
2023-12-29 00:00:00,7.0,3.0,9.7,0.0,,,8.7,,1010.5,
2023-12-30 00:00:00,6.6,5.0,10.0,0.0,,,15.2,,1009.6,
2023-12-31 00:00:00,2.6,-1.2,6.2,2.3,,,8.3,,1014.0,
